customer_id,customer_name,reg_date
1,Aryan Maharaj,2024-03-27
2,Harsh Chahal,2025-04-10
3,Ayushman Chander,2024-02-27
4,Rushil Saini,2024-02-29
5,Abeer Dutta,2025-08-06
6,Arunima Dugal,2024-02-23
7,Harsh Chanda,2024-08-22
8,Hemangini Lalla,2025-12-03
9,Jeet Radhakrishnan,2023-09-27
10,Janaki Handa,2025-08-13
11,Vedant Mann,2026-06-16
12,Harrison Rai,2024-05-02
13,Nicholas Prabhakar,2024-07-26
14,Ekbal Garg,2025-02-07
15,Nihal Shere,2024-08-21
16,Ekta Bhalla,2024-03-10
17,Diya Rattan,2024-04-21
18,Divya Kala,2025-06-20
19,Tara Dhar,2024-04-18
20,Adya Sangha,2026-03-13
21,Janaki Kanda,2026-06-30
22,Yashodhara Tak,2023-10-10
23,Imaran Dua,2025-05-20
24,Devansh Rajan,2024-08-24
25,Zayan Apte,2025-07-17
26,Amara Oak,2023-11-02
27,Nakul Setty,2023-07-06
28,Xiti Gokhale,2025-01-09
29,Chanchal Tripathi,2025-04-30
30,Kashvi Edwin,2025-02-13
31,Ekiya Suresh,2023-07-24
32,Damyanti Khatri,2023-09-04
33,Frederick Sunder,2025-12-13
34,Kabir Soman,2026-05-05
35,Alka Wable,2026-02-13
36,Siddharth Zacharia,2025-10-07
37,Devika Rastogi,2026-06-27
38,Raksha Varughese,2024-11-08
39,Umang Bhatt,2024-07-07
40,Thomas Amble,2023-09-18
41,Veer Bir,2026-03-21
42,Ekavir Varkey,2024-03-19
43,Tanish Zacharia,2023-11-25
44,Xavier Solanki,2025-12-04
45,Girindra Chatterjee,2025-06-24
46,Pallavi Roy,2024-11-25
47,Guneet Bhat,2024-09-16
48,Ikbal Kothari,2024-01-28
49,Logan Sami,2024-01-20
50,Zaid Borra,2024-10-30
51,Chandresh Zachariah,2026-01-04
52,Warjas Ganesan,2024-09-20
53,Tanay Rattan,2026-03-18
54,Ladli Agate,2026-06-16
55,Suhani Mangal,2024-10-08
56,Mohammed Gupta,2024-05-23
57,Darsh Murthy,2023-09-03
58,Yadavi Wali,2023-12-22
59,Quincy Biswas,2025-04-15
60,Netra Dar,2026-04-29
61,Balveer Bumb,2024-10-04
62,Advika Jayaraman,2025-07-06
63,William Lanka,2024-09-08
64,Tanvi Mutti,2026-04-16
65,Aditya Shanker,2025-05-13
66,Ethan Yogi,2024-02-21
67,Kevin Palla,2026-02-22
68,Kala Mane,2023-12-22
69,Abhiram Mistry,2026-04-19
70,Krish Lalla,2023-11-06
71,Nachiket Magar,2024-05-06
72,Hemal Jani,2025-07-25
73,Yashasvi Suresh,2024-04-03
74,George Sampath,2025-12-27
75,Aarush Nath,2025-10-25
76,Neel Sathe,2025-02-26
77,Aditya Choudhury,2023-09-23
78,Balendra Pingle,2025-04-01
79,Qushi Datta,2023-08-17
80,Balveer Parmar,2024-02-18
81,Harshil Pandya,2025-11-04
82,Mohammed Khalsa,2026-02-04
83,Nitara Bakshi,2024-01-15
84,Nisha Kothari,2024-04-20
85,Lavanya Barad,2026-01-29
86,Ryan Sharma,2024-07-20
87,Udant Bajwa,2025-06-25
88,Falguni Mallick,2026-02-04
89,Indali Upadhyay,2024-09-13
90,Ayaan D’Alia,2026-02-18
91,Pranav Lanka,2023-08-13
92,Hemani Murthy,2024-10-23
93,Lekha Gupta,2024-04-07
94,Aarav Venkatesh,2026-04-12
95,Januja Sankar,2023-09-17
96,Dipta Dash,2025-08-29
97,Yashica More,2025-07-02
98,Neha Merchant,2025-03-01
99,Osha Raghavan,2025-07-14
100,Charvi Ravi,2025-02-22
101,Daksha Mangat,2024-02-18
102,Udyati Sathe,2024-10-29
103,Yasti Solanki,2025-11-18
104,Frado Mander,2025-01-17
105,Girik Keer,2025-07-09
106,Rushil Din,2023-07-29
107,Vaishnavi Bora,2024-11-13
108,Leena Talwar,2024-09-13
109,Abdul Chhabra,2025-11-02
110,Patrick Vasa,2024-11-23
111,Jairaj Shan,2023-11-26
112,Edhitha Savant,2025-05-04
113,Sanaya Dutt,2025-09-25
114,Shivani Lad,2025-10-03
115,Vedhika Khare,2024-04-28
116,Bhavika Keer,2024-04-25
117,Faris Devi,2023-12-15
118,Michael Kala,2023-09-11
119,Ganga Shukla,2024-09-30
120,Osha Ramachandran,2026-03-20
121,Lajita Sood,2023-07-09
122,Chanchal Ramakrishnan,2026-01-23
123,Thomas Sura,2024-02-28
124,Vedika Balakrishnan,2024-09-01
125,Noah Sibal,2026-04-05
126,Meera Bala,2023-10-03
127,Krishna Shenoy,2024-01-18
128,Ladli Narang,2024-02-19
129,Geetika Raghavan,2024-05-02
130,Zayyan Bumb,2024-11-29
131,Inaya Kapur,2025-06-14
132,Azaan Kota,2024-02-06
133,Michael Khare,2023-11-18
134,Tejas Shroff,2025-08-07
135,Oliver Contractor,2025-11-01
136,Deepa Chokshi,2025-03-28
137,Keya Ranganathan,2026-04-29
138,Faqid Kibe,2023-10-22
139,Jai Barman,2024-07-17
140,Kamala Biswas,2025-01-07
141,Advik Salvi,2025-12-20
142,Rachita Pathak,2025-05-29
143,Michael Saran,2024-01-12
144,Veda Shroff,2024-10-22
145,Ekantika Korpal,2025-12-29
146,Arya Seshadri,2024-03-26
147,Ladli Nayar,2023-08-03
148,Qabil Sura,2024-02-20
149,Harini Mammen,2026-02-21
150,Advaith Varughese,2026-05-07
151,Wyatt Ray,2024-12-19
152,Vamakshi Swaminathan,2024-11-05
153,Girik Menon,2024-03-01
154,Damini Pillay,2024-12-02
155,Pavani Narayanan,2024-07-22
156,Anika Mohan,2024-04-03
157,Reyansh Mutti,2023-11-11
158,Rehaan Kalita,2025-09-19
159,Barkha Chaudhry,2025-12-31
160,Utkarsh Patel,2024-01-15
161,Jonathan Mahal,2023-08-21
162,Brinda Date,2025-06-01
163,Harshil Arora,2025-03-23
164,Varenya Sastry,2024-07-10
165,Zayyan Sridhar,2023-11-05
166,Nandini Swamy,2023-09-22
167,Max Dixit,2025-12-08
168,Frederick Kothari,2023-11-09
169,Upkaar Virk,2024-08-22
170,Chameli Sanghvi,2024-06-01
171,Hardik Johal,2025-05-18
172,Finn Dugar,2024-03-21
173,Naksh Agate,2024-09-22
174,Bishakha Bali,2024-03-12
175,Sudiksha Bobal,2025-07-25
176,Rudra Sandal,2023-11-05
177,Manthan Lata,2025-12-24
178,Darpan Gandhi,2025-11-17
179,Reva Dash,2024-11-27
180,Neha Magar,2025-01-01
181,Raksha Buch,2025-04-18
182,Ekantika Krishna,2023-07-31
183,Ansh Luthra,2025-03-25
184,Upma Venkataraman,2025-06-16
185,Pratyush Sarin,2025-05-28
186,Gavin Singhal,2024-07-18
187,Ekani Cheema,2026-01-28
188,Nisha Tandon,2024-05-13
189,Balhaar Sha,2023-10-07
190,Ekiya D’Alia,2026-05-31
191,Yoshita Agarwal,2025-06-22
192,Odika Bhagat,2024-01-24
193,Wishi Sathe,2025-10-12
194,Amara Deep,2026-04-14
195,Vedhika Dara,2023-08-03
196,Nathan Mukhopadhyay,2025-02-25
197,Girik Kar,2026-06-24
198,Triya Dalal,2025-06-11
199,Wishi Manne,2025-01-10
200,Ojasvi Subramanian,2026-06-11
201,Tanmayi Dhillon,2024-08-26
202,Ekaraj Majumdar,2025-10-26
203,Harini Tripathi,2024-04-20
204,Barkha Misra,2026-01-05
205,Manthan Sekhon,2025-02-12
206,Gaurangi Purohit,2024-11-13
207,Ranbir Khare,2025-03-20
208,Nirja Bassi,2024-06-15
209,Lakshmi Raju,2026-06-20
210,Warhi Bansal,2023-11-18
211,Harish Sarraf,2023-10-20
212,Alexander Dhawan,2024-09-24
213,Falan Singh,2025-11-05
214,Hamsini Rao,2025-06-14
215,Lajita Nadig,2025-05-19
216,Balendra Biswas,2024-03-16
217,Utkarsh Chana,2024-10-20
218,Harish Sawhney,2024-01-01
219,Ayush Batra,2024-06-22
220,Chaaya Parmer,2024-08-16
221,Yash Wali,2024-09-26
222,Onkar Gill,2023-09-27
223,Wridesh Tank,2026-03-29
224,Vincent Shenoy,2025-06-01
225,Aadhya Andra,2026-03-14
226,Bhavna Dugar,2023-09-21
227,Chandani Samra,2025-07-28
228,Chasmum Issac,2026-07-02
229,Hredhaan Khalsa,2024-08-23
230,Chakrika Merchant,2023-07-27
231,Anvi Anand,2025-03-14
232,Watika Mangat,2025-10-30
233,Indira Kanda,2025-05-30
234,Laksh Chatterjee,2026-03-19
235,Dayamai Sastry,2023-08-08
236,Karan Chana,2026-03-25
237,Ojasvi Gill,2024-02-08
238,Yachana Mahajan,2025-12-29
239,Vasatika Merchant,2025-09-28
240,Ishwar Sidhu,2026-05-23
241,Upkaar Ranganathan,2026-05-28
242,Gautam Rana,2023-07-18
243,Suhani Pillay,2025-07-09
244,Lakshmi Prabhu,2023-10-29
245,Urishilla Bakshi,2025-05-12
246,Timothy Bhatnagar,2025-05-29
247,Chasmum Rege,2023-11-07
248,Baljiwan Modi,2026-06-28
249,Gunbir Keer,2026-03-01
250,Lipika Setty,2024-08-12
251,Mohammed Sachdeva,2025-06-19
252,Nikita Mammen,2023-08-07
253,Teerth Sawhney,2024-11-01
254,Janani Chaudhary,2026-06-12
255,Jagrati Bhat,2024-09-11
256,Jason Sha,2023-10-11
257,Ansh Bedi,2025-11-11
258,Jeremiah Jha,2023-09-16
259,Tarak Kaul,2024-06-27
260,Aarnav Malhotra,2026-01-28
261,Kalpit Zachariah,2024-04-02
262,Imaran Bal,2023-11-24
263,Wazir Naik,2023-07-20
264,Charles Date,2025-09-22
265,Devansh Soni,2024-11-05
266,Yochana Chopra,2024-11-09
267,Caleb Verma,2024-05-28
268,Darsh Srinivas,2026-01-16
269,Hritik Swaminathan,2025-08-21
270,Ethan Buch,2024-06-20
271,Dominic Date,2024-04-29
272,Lakshmi Wali,2024-05-21
273,Hardik Contractor,2026-01-22
274,Qushi Seth,2026-03-02
275,Harinakshi Setty,2024-09-12
276,Dhriti Sane,2024-06-09
277,Kavya Dua,2025-07-24
278,Ekalinga Chand,2025-12-30
279,Rachana Char,2025-09-26
280,Kalpit Bhasin,2025-04-05
281,Jason Roy,2024-07-24
282,Charan Mani,2025-04-21
283,Hemang Tripathi,2024-02-21
284,Udarsh Chokshi,2024-07-20
285,Ishwar Mallick,2025-03-23
286,Atharv Loke,2023-08-03
287,Dayamai Nori,2024-07-21
288,Luke Rattan,2023-09-17
289,Gavin Wali,2024-02-23
290,Sudiksha Om,2023-12-22
291,Ekta Chad,2026-02-25
292,Nakul Bawa,2025-07-10
293,Saanvi Samra,2024-12-16
294,Oeshi Mahajan,2024-02-24
295,Hemani Sani,2023-11-01
296,Darika Bath,2024-02-29
297,Abhimanyu Jayaraman,2024-05-28
298,Laksh Kumer,2024-05-15
299,Abhimanyu Tank,2025-09-28
300,Kai Rai,2025-02-05
301,Xiti Pandya,2023-09-19
302,Rajata Bahl,2024-11-17
303,Dhriti Sanghvi,2025-03-22
304,Bimala Contractor,2024-09-18
305,Onveer Sharma,2025-12-30
306,Gaurang Sarkar,2026-01-13
307,Rajata Rattan,2025-01-27
308,Dayita Nori,2024-03-01
309,Faraj Uppal,2025-05-27
310,Ikshita Panchal,2025-09-07
311,Warinder Chauhan,2023-12-10
312,Oscar Dua,2025-10-13
313,Peter Tak,2024-11-22
314,Ekantika Mutti,2023-12-15
315,Upasna Sathe,2025-05-24
316,Daksh Pandey,2025-01-09
317,Triya Seth,2023-08-13
318,Bhavini Bose,2025-06-08
319,Yashica Rajagopalan,2024-11-21
320,Shivani Guha,2024-06-19
321,Yachana Dora,2026-05-17
322,Harshil Oza,2026-06-13
323,Yamini Gera,2023-08-14
324,Reva Viswanathan,2025-01-25
325,Januja Pradhan,2026-04-04
326,Nilima Nigam,2025-07-16
327,Gaurika Bhatti,2024-06-28
328,Bhanumati Krishnan,2025-09-03
329,Gauri Bumb,2025-04-01
330,Inaya Mukherjee,2026-05-28
331,Kai Chad,2024-06-06
332,Falguni Datta,2025-07-06
333,Pallavi Trivedi,2024-08-02
334,Dayamai Gole,2026-05-10
335,Vedika Handa,2024-03-07
336,Mohammed Brahmbhatt,2024-05-22
337,Yashica Zacharia,2026-01-03
338,Gayathri Deep,2025-04-17
339,Nicholas Golla,2025-12-30
340,Raksha Bassi,2024-09-25
341,Sachi Mane,2025-10-04
342,Vivaan Walla,2024-03-21
343,Rishi Pillai,2025-07-15
344,Triya Manda,2025-11-01
345,Neel Iyengar,2025-11-27
346,Zashil Ben,2025-06-04
347,Harshil Varty,2026-01-20
348,Fiyaz Dyal,2024-04-26
349,Rajeshri Chand,2026-05-05
350,Shravya Palla,2026-04-17
351,Chatresh Randhawa,2025-01-03
352,Libni Bumb,2024-08-16
353,Eiravati Chaudhary,2026-01-07
354,Madhav Devan,2023-08-13
355,Liam Singh,2024-11-05
356,Fariq Bahl,2024-04-08
357,Pallavi Choudhry,2025-10-30
358,Charvi Dara,2023-08-24
359,Tanvi Bhatnagar,2023-11-01
360,Amol Varma,2025-03-24
361,Bishakha Sanghvi,2023-07-04
362,Wridesh Saha,2024-01-24
363,Jalsa Bir,2026-05-12
364,Madhavi Singhal,2023-08-19
365,Kashvi Kulkarni,2025-09-29
366,Ekansh Pai,2024-03-23
367,Gaurangi Deol,2023-08-20
368,Parth Shetty,2026-06-11
369,Qabil Deshmukh,2023-09-10
370,Balhaar Memon,2024-02-08
371,Benjamin Mutti,2026-04-20
372,Urvashi Kulkarni,2023-08-12
373,Bhavika Parikh,2026-02-01
374,Garima Mahajan,2023-11-16
375,Rajeshri Ratta,2025-09-24
376,Harinakshi Grover,2024-12-27
377,Jhalak Venkataraman,2024-04-20
378,Panini Brar,2024-10-16
379,Chaaya Nagi,2023-10-23
380,Chakrika Mohan,2024-11-02
381,Ojas Sawhney,2024-07-22
382,Ira Saran,2024-04-28
383,Falan Ravi,2024-08-04
384,Azaan Dhar,2026-01-18
385,Bakhshi Date,2023-09-14
386,Janaki Rajagopal,2026-05-08
387,Mitesh Sengupta,2026-05-07
388,Sachi Bose,2025-03-23
389,Mitali Murthy,2025-06-13
390,Ishaan Bal,2025-09-16
391,Zarna Ram,2026-03-30
392,Adweta Lad,2025-08-12
393,Bhavika Swaminathan,2024-02-07
394,Ethan Seth,2024-01-08
395,Gagan Nagarajan,2025-07-03
396,Bina Mital,2026-01-21
397,Janaki Trivedi,2024-03-04
398,Liam Khalsa,2025-11-15
399,Jalsa Pillay,2024-11-26
400,Gabriel Bhatti,2024-06-05
401,Nirja Rout,2025-12-21
402,Jeremiah Nadig,2025-06-06
403,Unnati Varughese,2024-07-14
404,Kai Sant,2025-01-04
405,Jeet Vasa,2023-12-17
406,Neel Naidu,2026-04-22
407,Hiral Venkataraman,2026-03-09
408,Zashil Hegde,2025-05-29
409,Jeremiah Mitter,2025-05-06
410,Yadavi Ganguly,2025-04-11
411,Onveer Nazareth,2026-01-11
412,Ayush Bumb,2023-08-21
413,Shivansh Saha,2025-05-10
414,Widisha Mann,2025-06-05
415,Vasudha Konda,2025-11-30
416,Chameli Setty,2023-09-20
417,Nakul Sarraf,2024-09-30
418,Samar Oak,2025-04-27
419,Eiravati Pai,2026-06-06
420,Kamala Varma,2025-03-09
421,Wyatt Shukla,2023-11-14
422,Yug Dhaliwal,2023-10-17
423,Leena Sahota,2024-03-31
424,Falak Munshi,2024-01-27
425,Wishi Varma,2024-11-25
426,Widisha Bajaj,2023-10-09
427,Yashasvi Shankar,2026-05-27
428,Ira Bava,2023-08-27
429,Upma Mangal,2025-02-10
430,Raagini Desai,2026-02-24
431,Neha Pau,2023-08-21
432,Robert Patil,2025-02-28
433,Libni Thaman,2024-11-07
434,Jagat Dave,2026-06-05
435,Kashvi Nori,2025-03-05
436,Maanas Issac,2025-04-23
437,Xiti Baria,2023-08-21
438,Gauri Som,2025-01-22
439,Yutika Dey,2024-06-26
440,Nicholas Ramaswamy,2026-06-22
441,Gayathri Tripathi,2025-12-26
442,Chandani Soman,2025-12-13
443,Garima Choudhary,2026-06-10
444,Avi Som,2024-04-19
445,Charan Srinivasan,2024-01-05
446,Manbir Kibe,2023-08-06
447,Rayaan Bahl,2024-10-28
448,Max Sachar,2025-07-28
449,Yachana Sinha,2026-02-13
450,Lakshit Venkataraman,2024-02-15
451,Vanya Vora,2024-08-18
452,Tripti Walia,2024-07-12
453,Aishani Sule,2024-01-29
454,Arya Misra,2024-03-05
455,Bhavya Johal,2025-07-28
456,Edhitha Srinivasan,2024-07-19
457,Bhavna Dara,2025-03-22
458,Megha Pai,2026-05-14
459,Bina Basak,2024-05-13
460,Hiral Sathe,2025-06-20
461,Tanish Jaggi,2025-12-26
462,Anita Devan,2023-10-30
463,Xavier Bedi,2025-07-06
464,Viraj Ben,2023-10-20
465,Urmi Chaudhry,2025-07-18
466,Abdul Dugar,2024-09-20
467,Vansha Iyengar,2025-10-08
468,Ekani Mangal,2025-06-09
469,Vincent Warrior,2025-09-19
470,Parth Sahni,2026-02-23
471,Balhaar Ranganathan,2025-11-12
472,Bimala Barad,2023-07-13
473,Gautami Mane,2024-11-11
474,Krish Thaman,2024-11-26
475,Isaiah Narayanan,2023-12-28
476,Aarini Grewal,2023-07-18
477,Chakrika Hans,2024-01-11
478,Prisha Varma,2024-06-26
479,Girish Goyal,2026-06-12
480,Ekiya Kothari,2023-07-10
481,Warinder Sekhon,2025-10-06
482,Chasmum Apte,2024-04-14
483,Warinder Bhatia,2025-07-03
484,Damyanti Dutta,2024-09-19
485,Jacob Merchant,2024-08-08
486,Theodore Deol,2024-12-08
487,Kashvi Sagar,2025-08-10
488,Tejas Kota,2025-07-17
489,Sanya Wable,2025-08-12
490,Isaac Bhatia,2025-12-27
491,Mason Gala,2024-06-26
492,Jackson Jha,2025-08-26
493,Gavin Uppal,2024-11-02
494,Sudiksha Deo,2025-01-15
495,Dalbir Shere,2025-07-09
496,Anthony Randhawa,2024-04-06
497,Tejas Bora,2023-08-21
498,Devansh Bhasin,2026-04-22
499,Urmi Balay,2024-05-12
500,Krishna Salvi,2024-08-16
501,Saumya Purohit,2024-08-17
502,Ijaya Dani,2024-01-14
503,Joshua Kapoor,2026-01-02
504,Chanchal Sheth,2025-07-10
505,Ladli Karpe,2024-03-30
506,Mohammed Majumdar,2024-01-25
507,Azad Saini,2025-05-06
508,Wridesh Jhaveri,2023-09-14
509,Sanya Bava,2024-03-27
510,Neelima Sarna,2024-03-15
511,Daksh Dey,2025-01-05
512,Vivaan Nagar,2025-03-26
513,Warjas Mittal,2026-02-17
514,Odika Mital,2024-04-29
515,Prisha Tandon,2023-08-23
516,Lakshmi Vohra,2024-06-16
517,Nilima Dixit,2024-05-26
518,Urvashi Khosla,2026-01-18
519,Maanas Sheth,2026-03-31
520,Omaja Wagle,2023-11-26
521,Aadhya Jani,2024-06-28
522,Shivani Prabhakar,2023-10-12
523,Charan Loyal,2024-08-19
524,Elijah Guha,2025-11-30
525,Varenya Joshi,2026-02-09
526,Chavvi Aurora,2024-02-20
527,Jacob Srinivas,2026-03-31
528,Mekhala Khatri,2025-02-27
529,Lajita Shukla,2025-02-06
530,Darika Lal,2024-07-31
531,Unnati Chaudhari,2025-11-28
532,Ekaja Jani,2024-08-12
533,Chakradev Kant,2025-09-22
534,Advika Sahni,2024-05-21
535,Forum Karpe,2024-08-22
536,Xalak Nazareth,2024-04-10
537,Vritti Sharma,2024-01-03
538,Omkaar Dey,2025-08-30
539,Qarin Bhargava,2025-01-27
540,Chanakya Ahuja,2024-09-26
541,Ekansh Dora,2023-07-13
542,Kashvi Bhasin,2025-05-10
543,Vinaya Babu,2023-07-10
544,Advik Badal,2025-02-02
545,Bhavini Badal,2025-01-03
546,Praneel Chhabra,2026-04-04
547,Wridesh Handa,2025-05-12
548,Irya Loke,2025-11-20
549,Kashvi Ravi,2024-11-17
550,Upkaar Mital,2025-07-21
551,Azad Chander,2024-09-19
552,Vamakshi Bhalla,2025-05-30
553,Fitan Tata,2026-01-14
554,Girish Wable,2026-04-05
555,Siddharth Soman,2024-04-25
556,Avni Bali,2024-01-15
557,Amol Johal,2025-04-06
558,Faraj Mistry,2023-12-28
559,Lopa Zachariah,2024-06-30
560,Farhan Tella,2025-09-27
561,Chatresh Chaudhari,2024-10-24
562,Harini Ranganathan,2026-05-29
563,Ayushman Mahajan,2025-11-07
564,Vritti Kari,2024-07-26
565,Rachana Grewal,2025-07-16
566,Frederick Merchant,2025-11-23
567,Fitan Loyal,2023-12-19
568,Lopa Nadig,2024-08-01
569,Abdul Morar,2024-11-01
570,Harsh Deo,2023-10-06
571,Saumya Vala,2024-09-22
572,Gaurav Pandya,2025-03-01
573,Lekha Arora,2024-05-17
574,Frado Kibe,2025-03-20
575,Lajita Gara,2023-12-02
576,Amrita Tailor,2023-12-09
577,Radhika Majumdar,2024-10-06
578,Faraj Patel,2024-04-03
579,Warhi Hayre,2024-11-15
580,Daksha Ahuja,2026-05-07
581,Lajita Narayan,2024-10-27
582,Laban Mital,2024-06-18
583,Varenya Murthy,2024-01-13
584,Eiravati Manne,2025-09-15
585,Xavier Nanda,2024-08-18
586,Janya Comar,2026-04-19
587,Pranit Bala,2026-05-12
588,Shaurya Sarma,2025-11-23
589,Nilima Tata,2023-12-02
590,Wyatt Krishnan,2025-06-23
591,Krishna Borah,2024-11-06
592,Nandini Warrior,2025-01-08
593,Balhaar Parsa,2025-08-09
594,Ikbal Kothari,2025-06-22
595,Ojas Basu,2025-03-11
596,Garima Sani,2023-10-27
597,Aarna Kapadia,2025-01-12
598,Sanaya Prasad,2024-09-03
599,Hemani Bakshi,2024-12-13
600,Ojasvi Chada,2023-11-07
601,Ijaya Muni,2024-07-13
602,Vasudha Pall,2024-12-05
603,Sneha Nagar,2023-09-14
604,Ishwar Bajaj,2026-01-18
605,Nitesh Kohli,2025-01-18
606,Ganga Sandhu,2026-05-18
607,Nidhi Gour,2024-01-23
608,Meghana Balakrishnan,2025-09-18
609,Shivani Sanghvi,2024-09-01
610,Samesh Mallick,2025-10-04
611,Harsh Yadav,2024-01-23
612,Ronith Shankar,2023-11-04
613,Dhriti Rama,2025-05-02
614,Ijaya Pandey,2026-01-14
615,Chameli Chad,2025-07-08
616,Jacob Khare,2024-06-01
617,Kashvi Dhaliwal,2025-01-12
618,Lakshit Rajagopal,2024-10-08
619,Oscar Ganesan,2024-12-20
620,Rachit Murty,2026-01-10
621,Jagrati Andra,2024-12-15
622,Leena Tiwari,2025-06-17
623,Vyanjana Sagar,2025-08-19
624,Vrinda Ganesh,2023-10-01
625,Thomas Master,2023-08-07
626,Bhavya Ganguly,2025-11-04
627,Yasti Chowdhury,2025-03-21
628,Jeevika Barman,2025-10-12
629,Tejas Sandal,2023-10-23
630,Chameli Bali,2024-11-06
631,Gagan Sarna,2026-02-05
632,Warjas Kadakia,2025-12-07
633,Priya Gandhi,2025-05-08
634,Samuel Bhargava,2025-03-18
635,Om Naik,2026-06-09
636,Bimala Loke,2026-05-11
637,Krishna Sabharwal,2026-04-04
638,Jonathan Deo,2024-04-01
639,Yug Ramaswamy,2024-12-20
640,Oeshi Prashad,2024-11-09
641,Neha Varma,2025-10-01
642,Suhani Sura,2024-06-25
643,Girik Shanker,2025-05-28
644,Dev Warrior,2024-09-10
645,Siddharth Talwar,2024-04-22
646,Geetika De,2025-03-14
647,Hemal Bava,2023-08-22
648,Amol Dash,2026-04-16
649,Ridhi Shan,2023-07-03
650,Samaksh Deo,2026-02-23
651,Nathan Mahal,2023-10-13
652,Zashil Butala,2024-08-13
653,Charles Randhawa,2025-05-18
654,Pushti Chand,2025-08-12
655,Tanay Sood,2023-09-26
656,Zilmil Saxena,2023-07-13
657,Jai Sami,2025-08-01
658,Ekavir Karnik,2024-08-25
659,Harshil Munshi,2024-08-08
660,Laksh Raja,2025-10-27
661,Luke Biswas,2025-02-03
662,Nitesh Sarraf,2024-07-21
663,Max Sabharwal,2025-05-08
664,Teerth Chadha,2026-03-11
665,Jatin Rajagopalan,2024-07-22
666,Divya Dey,2024-03-30
667,Yuvraj Mane,2025-11-02
668,Charvi Jha,2025-01-20
669,Manya Merchant,2025-06-10
670,Warda Raju,2023-11-03
671,Ekavir Wable,2026-03-03
672,Jalsa Nadig,2023-11-24
673,Jasmit Gera,2025-10-15
674,Anay Bir,2023-07-18
675,Balveer Bhasin,2026-05-07
676,Yashawini Mangat,2025-05-21
677,Pallavi Ratti,2023-10-01
678,Arunima Chacko,2024-06-06
679,Nachiket Yadav,2024-06-25
680,Dayita Sarkar,2025-09-10
681,Dalbir Konda,2023-10-05
682,Jack Setty,2025-05-04
683,Dayamai Gill,2023-11-10
684,Advay Gade,2024-12-28
685,Zansi Lad,2024-01-01
686,Amruta Dalal,2025-10-25
687,Gautami Sanghvi,2024-04-26
688,Adya Bose,2024-12-27
689,Christopher Tata,2026-01-29
690,Jhalak Dugar,2024-04-07
691,Jack Kari,2025-09-21
692,Chaitanya Arora,2024-03-27
693,Januja Rajagopal,2026-04-06
694,Balendra Saini,2024-03-05
695,Omaja Nagarajan,2024-04-25
696,Kashish Dar,2025-01-03
697,Praneel Kapoor,2025-11-30
698,Nandini Biswas,2026-02-18
699,Deepa Narang,2023-10-05
700,Abhiram Pillay,2024-02-07
701,Xavier Shetty,2024-08-09
702,Rohan Korpal,2023-12-15
703,Arjun Kaul,2025-02-15
704,Gautami Agarwal,2025-10-11
705,Damyanti Chawla,2024-02-12
706,Oni Swamy,2026-05-21
707,Ati Chander,2023-08-20
708,Zinal Sachar,2025-08-09
709,Tara Chad,2025-03-30
710,Meera Borde,2025-04-11
711,Radhika De,2024-03-18
712,Divya Ramaswamy,2025-08-08
713,Eesha Sethi,2024-04-26
714,Samaksh Deshpande,2025-11-03
715,Nachiket Cherian,2023-12-30
716,Dipta Ray,2023-11-12
717,Sarthak Seth,2024-06-04
718,Jagdish Chana,2023-12-22
719,Banjeet Kale,2026-01-04
720,Manbir Chand,2025-08-20
721,Meghana Varghese,2023-08-25
722,Abha Ghosh,2023-08-06
723,Sneha Krish,2023-10-14
724,Logan Dara,2023-07-16
725,Kalpit Hora,2025-12-21
726,Frado Lad,2026-04-03
727,Anthony Bhattacharyya,2024-02-04
728,Kabir Chanda,2026-03-20
729,Jason Basak,2026-04-30
730,Om Sant,2025-12-19
731,Watika Balan,2024-08-25
732,Orinder Pandya,2024-02-23
733,Anvi Mammen,2024-11-02
734,Bakhshi Korpal,2025-06-11
735,Nisha Srinivas,2023-09-07
736,Leela Devan,2024-10-04
737,Anirudh Raja,2025-11-05
738,Varsha Sundaram,2024-07-14
739,Lipika Madan,2024-01-16
740,Theodore Balan,2026-03-10
741,Dalbir Sodhi,2025-02-02
742,Nathaniel Chaudhry,2024-03-30
743,Amaira Walla,2025-12-13
744,Theodore Rama,2024-07-25
745,Patrick Khalsa,2025-04-12
746,Ayaan Pandey,2026-05-06
747,Raghav Tailor,2025-02-16
748,Vritti Barad,2023-10-09
749,Theodore Bahri,2025-01-29
750,Garima Jaggi,2025-12-02
751,Peter Naik,2023-09-06
752,Lucky Choudhry,2026-01-15
753,Elijah Prakash,2025-08-13
754,Harrison Nayar,2024-05-28
755,Nakul Sarkar,2025-11-16
756,Edhitha Ghosh,2025-08-16
757,Udant Gill,2024-08-20
758,Joshua Goel,2025-09-08
759,Bachittar Gopal,2025-04-23
760,Hemang Taneja,2023-12-04
761,Wazir Palan,2026-06-13
762,Gaurang Nayak,2024-11-03
763,Shaurya Krish,2025-07-31
764,Aahana Chokshi,2025-08-30
765,Libni Sarma,2025-09-12
766,Odika Tailor,2026-02-23
767,Keya Chaudhuri,2025-12-27
768,Nicholas Seth,2023-09-21
769,Chaitaly Bahri,2024-06-16
770,Ethan Oommen,2024-01-05
771,Naveen Borde,2025-02-21
772,Hamsini Subramanian,2025-08-13
773,Nitesh Saraf,2023-12-22
774,Garima Jha,2026-06-04
775,Alka Manda,2024-05-23
776,Chandran Ramaswamy,2025-03-20
777,Mitesh Bhagat,2024-08-01
778,Gagan Menon,2025-12-21
779,Ryan Chatterjee,2023-07-31
780,Bishakha Bumb,2024-12-03
781,Darika Rao,2024-11-30
782,Gavin Ram,2024-01-21
783,Kala Grover,2024-11-02
784,Ria Shroff,2024-04-16
785,David Dora,2025-10-04
786,Frederick Padmanabhan,2025-12-04
787,Utkarsh Bhat,2026-01-09
788,Vaishnavi Keer,2024-12-05
789,Megha Banerjee,2025-01-03
790,Jai Sen,2024-01-08
791,Siddharth Hans,2023-11-18
792,Farhan Saran,2024-02-09
793,Aarna Nagarajan,2026-03-27
794,Gagan Rama,2025-03-03
795,Anya Venkatesh,2024-11-16
796,Oni Chowdhury,2024-09-29
797,Harish Cherian,2025-03-10
798,Bhavika Wason,2026-02-21
799,Aishani Rajagopal,2025-06-19
800,Baljiwan Gera,2024-04-29
801,Neelima Barad,2024-09-08
802,Wazir Bawa,2025-09-27
803,Kashish Bahri,2024-07-07
804,Deepa Mand,2026-01-11
805,Vedant Desai,2024-05-27
806,Ekani Luthra,2025-09-08
807,Raghav Sathe,2024-02-19
808,Vedhika Varty,2026-02-07
809,Yutika Dutt,2023-09-12
810,Krishna Viswanathan,2026-02-20
811,Oscar Hans,2026-02-16
812,Dalbir Krish,2023-08-08
813,Jalsa Issac,2024-04-28
814,Yashasvi Ranganathan,2025-05-29
815,Azaan Khurana,2024-08-14
816,Peter Som,2025-04-06
817,Hemangini Gade,2026-01-06
818,Gautam Mane,2023-08-02
819,Nicholas Kala,2026-01-27
820,Samuel Luthra,2025-06-16
821,Aditya Som,2026-03-28
822,Abhiram Kapur,2024-04-04
823,Anvi Sampath,2026-03-10
824,Tripti Krishnan,2024-02-27
825,Mekhala Chaudry,2023-07-11
826,Barkha Misra,2025-07-22
827,Devansh Nayar,2026-06-20
828,Aradhana Lal,2025-06-21
829,Raghav Doctor,2025-01-19
830,Dakshesh Raval,2025-06-25
831,Atharv Tank,2026-06-30
832,Omya Ravel,2024-08-31
833,Ranveer Oza,2025-09-06
834,Vamakshi Parmer,2025-01-09
835,Pratyush Memon,2023-10-17
836,Aarna Goswami,2026-05-05
837,Gaurav Kapadia,2024-07-26
838,Osha Narula,2024-08-13
839,Ubika Dalal,2024-11-29
840,Urmi Hayer,2025-01-01
841,Chanchal Sachdev,2023-08-31
842,Laksh Iyer,2024-07-12
843,Luke Mutti,2026-02-02
844,Faris Sura,2024-07-01
845,Dhriti Bhardwaj,2023-07-08
846,Shaurya Ganguly,2025-03-25
847,Vrishti Chakrabarti,2023-11-21
848,Pushti Raval,2024-10-15
849,Leela Agrawal,2023-08-13
850,Kashvi Atwal,2026-03-06
851,Andrew Agrawal,2025-05-19
852,Upkaar Padmanabhan,2024-06-09
853,Leela Thakur,2025-04-08
854,Dhruv Bath,2024-05-24
855,Tamanna Venkatesh,2025-04-16
856,Radha Desai,2024-07-12
857,Jagrati Guha,2023-12-30
858,Anirudh Kari,2024-03-04
859,Siddharth Bains,2025-04-09
860,Jatin Peri,2025-08-20
861,Keya Kumer,2025-10-25
862,Chanakya Chokshi,2025-06-18
863,Chanakya D’Alia,2024-10-01
864,Jatin Krishnan,2024-12-03
865,Samesh Andra,2024-05-28
866,Zinal Madan,2025-05-15
867,Omya Cheema,2025-01-13
868,Barkha Comar,2025-11-09
869,Rushil Iyengar,2025-11-01
870,Ishita Rout,2024-05-21
871,Watika Johal,2025-07-26
872,Ganga Keer,2023-07-06
873,Indrajit Tak,2023-12-13
874,Yasti Borde,2025-09-03
875,Aahana Kashyap,2024-11-14
876,Aishani Shetty,2023-08-26
877,Balveer Mannan,2024-07-31
878,Pooja D’Alia,2023-10-15
879,Aditya Devi,2025-06-29
880,Falguni Parmar,2026-03-09
881,Girik Pradhan,2025-12-12
882,Ishaan Rattan,2024-09-13
883,Anita Rajan,2025-07-28
884,Oviya Ganesan,2023-11-03
885,Nathaniel Chawla,2024-09-30
886,Raksha Golla,2025-05-03
887,Ayush De,2024-12-13
888,Isaiah Sabharwal,2024-10-27
889,Advika Murthy,2023-07-16
890,Hamsini Venkataraman,2025-01-26
891,Rachita Kothari,2024-12-12
892,Manthan Bhagat,2023-07-15
893,Yashasvi Singh,2026-01-21
894,Falan Swamy,2024-06-18
895,Arunima Bedi,2025-01-08
896,Neha Keer,2023-09-27
897,Sara Chakrabarti,2026-01-26
898,Diya Dani,2026-06-11
899,Harshil Raval,2024-09-26
900,Gavin Modi,2026-03-04
901,Tanmayi Om,2024-08-04
902,Udant Sha,2024-06-30
903,Januja Sethi,2023-11-04
904,Aarnav Om,2024-07-26
905,Kashvi Cherian,2023-08-22
906,Waida Dey,2025-12-19
907,Hredhaan Kumar,2025-05-02
908,Jai Ramaswamy,2024-02-24
909,Hamsini Chokshi,2025-10-09
910,Jatin Seshadri,2024-11-15
911,Wishi Agrawal,2025-02-03
912,Rachita Subramanian,2026-04-11
913,Oscar Dave,2023-10-24
914,Yamini Rajagopalan,2024-10-03
915,Anusha Rao,2026-05-24
916,Sneha Deol,2023-12-01
917,Dipta Kalla,2024-02-08
918,Hemani Deo,2026-06-12
919,Yahvi Naidu,2025-08-19
920,Varsha Sahni,2025-07-10
921,Pahal Arya,2025-01-25
922,Lakshmi Dhillon,2023-08-30
923,Ryan Loke,2025-10-02
924,Bhavini Krishna,2023-12-10
925,Chakrika Jani,2025-10-05
926,Jagrati Sethi,2023-10-23
927,Lopa Khanna,2025-01-12
928,Champak Raj,2024-08-30
929,Chatura Arya,2025-09-25
930,Saanvi Kar,2026-03-27
931,Ronith Hari,2024-05-20
932,Falan Grover,2026-05-22
933,Krishna Baria,2024-10-14
934,Kalpit Dyal,2025-04-03
935,Abdul Narayanan,2024-11-25
936,Balveer Dube,2026-04-15
937,Charvi Swaminathan,2025-11-14
938,Elijah Nadkarni,2025-01-28
939,Ekansh Tiwari,2023-12-24
940,George Palla,2024-03-01
941,Garima Narula,2024-08-01
942,Vaishnavi Andra,2023-11-05
943,Sanaya Khosla,2026-03-20
944,Balveer Nagi,2024-08-23
945,Libni Kunda,2025-02-14
946,Aryan Varughese,2025-12-20
947,Yoshita Trivedi,2024-11-02
948,Chaman Hans,2024-06-18
949,Gopal Ganesh,2026-06-01
950,Dominic Kade,2025-07-06
951,Panini Chawla,2024-02-13
952,Ekbal Dube,2023-07-29
953,Baljiwan Chahal,2023-09-21
954,Zayan Bobal,2025-03-24
955,Aarna Reddy,2024-08-31
956,Rachita Mutti,2023-07-21
957,Abeer Bhatnagar,2025-10-08
958,Elijah Parmar,2026-04-15
959,Bimala Mitra,2025-04-27
960,Raksha Raj,2024-09-08
961,Urvi Dugar,2025-02-06
962,Mahika Merchant,2026-05-20
963,Chanchal Prakash,2026-05-17
964,Lohit Dasgupta,2023-08-17
965,Frederick Mody,2024-02-18
966,Siddharth Sachar,2026-03-21
967,Naveen Gour,2024-02-29
968,Rishi Contractor,2024-01-17
969,Triya Bora,2024-05-16
970,Zashil Chaudhari,2024-02-04
971,Ganga Parikh,2023-11-20
972,Harish Mane,2025-05-11
973,Eesha Sunder,2024-11-07
974,Michael Patla,2025-12-04
975,Om Agrawal,2024-06-10
976,Rajata Malhotra,2026-01-08
977,Garima Srinivasan,2024-11-21
978,Dalaja Sur,2025-02-26
979,Finn Mand,2026-01-29
980,Ronith Lall,2025-09-13
981,Faqid Bahl,2026-01-19
982,Nidhi Kala,2026-03-22
983,Urmi Dixit,2024-08-06
984,Bina Desai,2024-11-23
985,Mekhala Patla,2025-01-03
986,Noah Varkey,2023-12-03
987,Praneel Dhingra,2025-09-16
988,Jagrati Baria,2024-02-27
989,Vincent Bhatnagar,2024-04-17
990,Brijesh Jhaveri,2025-01-20
991,Lipika Singh,2026-04-04
992,Balveer Naik,2023-10-24
993,Adya Ghosh,2024-08-18
994,Jasmit Brahmbhatt,2025-01-19
995,Udant Varty,2024-09-19
996,Vidhi Subramaniam,2026-03-01
997,Yachana Dewan,2024-10-27
998,Faraj Varkey,2025-06-07
999,Mason Grover,2023-12-22
1000,Victor Sachdeva,2025-12-08
